DROP TABLE ad_actions;
DROP TABLE ad_actions_ad_categories_parents;
DROP TABLE ad_categories_parents;
DROP TABLE ad_categories;

SET SQL_MODE = "NO_AUTO_VALUE_ON_ZERO";
SET time_zone = "+00:00";

CREATE TABLE IF NOT EXISTS `ad_actions` (
  `id` int(11) NOT NULL AUTO_INCREMENT,
  `label` varchar(45) NOT NULL,
  `label_dev` varchar(45) NOT NULL,
  `can_be_offered` tinyint(1) NOT NULL COMMENT 'Vrai si on peut créer une offre à partir de cette action',
  `can_be_demanded` tinyint(1) NOT NULL COMMENT 'Vrai si on peut créer une demande à partir de cette action',
  `path_picto_marker` varchar(255) NOT NULL,
  `path_picto` varchar(255) NOT NULL,
  `color` varchar(12) NOT NULL,
  `order` bigint(20) NOT NULL,
  PRIMARY KEY (`id`)
) ENGINE=MyISAM  DEFAULT CHARSET=utf8 AUTO_INCREMENT=11 ;

INSERT INTO `ad_actions` (`id`, `label`, `label_dev`, `can_be_offered`, `can_be_demanded`, `path_picto_marker`, `path_picto`, `color`, `order`) VALUES
(1, 'Acheter', 'buy', 0, 1, 'img/POI-aacheter-c.png', '/img/picto-aacheter-blanc.png', '#0082CA', 1),
(2, 'Vendre', 'sell', 1, 0, 'img/POI-avendre-c.png', '/img/picto-avendre-blanc.png', '#F7123F', 2),
(3, 'Prêter', 'lend', 1, 1, 'img/POI-preter-c.png', '/img/picto-preter-blanc.png', '#00AF41', 3),
(4, 'Partager', 'share', 1, 1, 'img/POI-partager-c.png', '/img/picto-partager-blanc.png', '#544587', 4),
(5, 'Échanger', 'trade', 1, 1, 'img/POI-echanger-c.png', '/img/picto-echanger-blanc.png', '#009877', 5),
(6, 'Trouvé / Perdu', 'found_lost', 1, 1, 'img/POI-trouver-c.png', '/img/picto-trouver-blanc.png', '#FF5A00', 6),
(7, 'Louer', 'rent', 1, 1, 'img/POI-louer-c.png', '/img/picto-louer-blanc.png', '#004197', 7),
(8, 'Rencontrer', 'meet', 0, 1, 'img/POI-rencontrer-c.png', '/img/picto-rencontrer-blanc.png', '#FFAA61', 8),
(9, 'Promos', 'promo', 1, 1, 'img/POI-promo-c.png', '/img/picto-promo-blanc.png', '#8C0022', 9),
(10, 'Services', 'services', 1, 1, 'img/POI-services-c.png', '/img/picto-services-blanc.png', '#F295CD', 10);

CREATE TABLE IF NOT EXISTS `ad_actions_ad_categories_parents` (
  `id` int(11) NOT NULL AUTO_INCREMENT,
  `ad_action_id` int(11) NOT NULL,
  `ad_categories_parent_id` int(11) NOT NULL,
  PRIMARY KEY (`id`),
  KEY `fk_ad_actions_ad_categories_ad_actions1_idx` (`ad_action_id`),
  KEY `fk_ad_actions_ad_parent_categories_ad_parent_categories1_idx` (`ad_categories_parent_id`)
) ENGINE=MyISAM  DEFAULT CHARSET=utf8 AUTO_INCREMENT=92 ;

INSERT INTO `ad_actions_ad_categories_parents` (`id`, `ad_action_id`, `ad_categories_parent_id`) VALUES
(1, 1, 1),
(2, 1, 2),
(3, 1, 3),
(4, 1, 4),
(5, 1, 5),
(6, 1, 6),
(7, 1, 7),
(8, 1, 8),
(9, 1, 9),
(10, 1, 10),
(11, 1, 11),
(12, 2, 1),
(13, 2, 2),
(14, 2, 3),
(15, 2, 4),
(16, 2, 5),
(17, 2, 6),
(18, 2, 7),
(19, 2, 8),
(20, 2, 9),
(21, 2, 10),
(22, 2, 11),
(23, 3, 2),
(24, 3, 3),
(25, 3, 5),
(26, 3, 6),
(27, 3, 7),
(28, 3, 8),
(29, 3, 9),
(30, 3, 10),
(31, 3, 11),
(32, 3, 15),
(33, 4, 2),
(34, 4, 3),
(35, 4, 4),
(36, 4, 5),
(37, 4, 7),
(38, 4, 12),
(39, 4, 14),
(40, 4, 15),
(41, 4, 16),
(42, 4, 17),
(43, 4, 18),
(44, 4, 19),
(45, 5, 1),
(46, 5, 3),
(47, 5, 4),
(48, 5, 5),
(49, 5, 6),
(50, 5, 7),
(51, 5, 8),
(52, 5, 9),
(53, 5, 10),
(54, 5, 11),
(55, 6, 2),
(56, 6, 20),
(57, 6, 21),
(58, 7, 2),
(59, 7, 3),
(60, 7, 4),
(61, 7, 5),
(62, 7, 6),
(63, 7, 7),
(64, 7, 8),
(65, 7, 9),
(66, 7, 10),
(67, 7, 12),
(68, 7, 13),
(69, 8, 38),
(70, 8, 39),
(71, 8, 40),
(72, 8, 41),
(73, 8, 42),
(74, 8, 43),
(75, 10, 11),
(76, 10, 22),
(77, 10, 23),
(78, 10, 24),
(79, 10, 25),
(80, 10, 26),
(81, 10, 27),
(82, 10, 28),
(83, 10, 29),
(84, 10, 30),
(85, 10, 31),
(86, 10, 32),
(87, 10, 33),
(88, 10, 34),
(89, 10, 35),
(90, 10, 36),
(91, 10, 37);

CREATE TABLE IF NOT EXISTS `ad_categories` (
  `id` int(11) NOT NULL AUTO_INCREMENT,
  `ad_parent_category_id` int(11) NOT NULL,
  `default_duration_unit_id` int(11) DEFAULT NULL COMMENT 'Unité de la durée par défaut de ce type d''Hubz',
  `default_duration_factor` int(11) DEFAULT NULL COMMENT 'Nombre d''unité de durée par défaut (par exemple 3, pour 3 heures)',
  `max_duration` int(11) DEFAULT NULL,
  `default_description` tinytext,
  `label` varchar(45) NOT NULL,
  `has_price` tinyint(1) NOT NULL,
  PRIMARY KEY (`id`),
  KEY `fk_ads_category_duration1_idx` (`default_duration_unit_id`),
  KEY `fk_ad_categories_ad_parent_categories1_idx` (`ad_parent_category_id`)
) ENGINE=MyISAM  DEFAULT CHARSET=utf8 AUTO_INCREMENT=130 ;

INSERT INTO `ad_categories` (`id`, `ad_parent_category_id`, `default_duration_unit_id`, `default_duration_factor`, `max_duration`, `default_description`, `label`, `has_price`) VALUES
(1, 1, NULL, NULL, NULL, 'Salé:\r\nSucré:\r\nFrais:\r\nBébé:', 'Bio', 1),
(2, 1, NULL, NULL, NULL, 'Alcools et apéritifs:\r\nBoissons chaudes:\r\nSoft drink:', 'Boissons', 1),
(3, 1, NULL, NULL, NULL, 'A tartiner:\r\nA cuisiner:\r\nApéritif:\r\nAllégé:', 'Fromage', 1),
(4, 1, NULL, NULL, NULL, 'Bio:\r\nExotiques:\r\nAgrumes:\r\nFruits secs:', 'Fruits & Légumes', 1),
(5, 1, NULL, NULL, NULL, 'Pain frais:\r\nPains de mie:\r\nPâtisserie moelleuse:', 'Pains & Pâtisserie', 1),
(6, 1, NULL, NULL, NULL, NULL, 'Poissonnerie', 1),
(7, 1, NULL, NULL, NULL, 'Féculant:\r\nConserves:\r\nApéritif:\r\nPlats cuisinés:', 'Salé', 1),
(8, 1, NULL, NULL, NULL, 'Dessert:\r\nPetit déjeuné:\r\nGouter et biscuits:\r\nPâtisserie:', 'Sucré', 1),
(9, 1, NULL, NULL, NULL, 'Sucré:\r\nSalé:', 'Végétarien', 1),
(10, 1, NULL, NULL, NULL, 'Boucherie:\r\nVolaille et gibier:\r\nCharcuterie:\r\nBio:', 'Viandes', 1),
(11, 1, NULL, NULL, NULL, 'Blanc:\r\nRosé:\r\nRouge:\r\nPétillant:', 'Vins & Gastronomie', 1),
(12, 2, NULL, NULL, NULL, NULL, 'Accessoires', 1),
(13, 2, NULL, NULL, NULL, NULL, 'Autres animaux', 1),
(14, 2, NULL, NULL, NULL, 'Vacciné:\r\nPucé:\r\nTatoué:\r\nLOF:\r\nLOOF:\r\n(-) de 8 semaines (à reserver):\r\n(+) de 8 semaines:', 'Chats', 1),
(15, 2, NULL, NULL, NULL, NULL, 'Chevaux', 1),
(16, 2, NULL, NULL, NULL, 'Vacciné:\r\nPucé:\r\nTatoué:\r\nLOF:\r\nLOOF:\r\n(-) de 8 semaines (à reserver):\r\n(+) de 8 semaines:', 'Chiens', 1),
(17, 2, NULL, NULL, NULL, NULL, 'Soins & Toilettage', 1),
(18, 3, NULL, NULL, NULL, 'Gros électroménager:\r\nPetit électroménager:', 'Électroménager', 1),
(19, 3, NULL, NULL, NULL, NULL, 'Bricolage', 1),
(20, 3, NULL, NULL, NULL, NULL, 'Entretien', 1),
(21, 3, NULL, NULL, NULL, NULL, 'Jardinage', 1),
(22, 3, NULL, NULL, NULL, NULL, 'Luminaires', 1),
(23, 4, NULL, NULL, NULL, 'Studio:\r\nF1:\r\nF2:\r\nF3 et +:\r\nMeublé:\r\nNon meublé:', 'Appartements', 1),
(24, 4, NULL, NULL, NULL, NULL, 'Bureaux & Commerces', 1),
(25, 4, NULL, NULL, NULL, NULL, 'Caravane', 1),
(26, 4, NULL, NULL, NULL, NULL, 'Garage & Parking', 1),
(27, 4, NULL, NULL, NULL, NULL, 'Immeuble', 1),
(28, 4, NULL, NULL, NULL, NULL, 'Maison', 1),
(29, 4, NULL, NULL, NULL, NULL, 'Terrain', 1),
(30, 4, NULL, NULL, NULL, NULL, 'Viager', 1),
(31, 5, NULL, NULL, NULL, NULL, 'Billetterie', 1),
(32, 5, NULL, NULL, NULL, NULL, 'CD / Musique', 1),
(33, 5, NULL, NULL, NULL, NULL, 'Collections', 1),
(34, 5, NULL, NULL, NULL, NULL, 'DVD / Films', 1),
(35, 5, NULL, NULL, NULL, 'Déguisements:', 'Fêtes & Accessoires', 1),
(36, 5, NULL, NULL, NULL, 'Cordes:\r\nVents:\r\nPercussions:\r\nAutres:', 'Instruments de musique', 1),
(37, 5, NULL, NULL, NULL, 'Jeux de société:\r\nJeux vidéos:\r\nJouets:', 'Jeux et jouets', 1),
(38, 5, NULL, NULL, NULL, NULL, 'Livres', 1),
(39, 5, NULL, NULL, NULL, 'Cyclisme:\r\nCombat:\r\nNatation:\r\nEquitation:\r\nGolf:\r\nDanse:\r\nAutres:', 'Sport', 1),
(40, 6, NULL, NULL, NULL, NULL, 'Ameublement', 1),
(41, 6, NULL, NULL, NULL, NULL, 'Arts de la table', 1),
(42, 6, NULL, NULL, NULL, 'Intérieur:\r\nExtérieur:\r\nEnfants:', 'Décoration', 1),
(43, 6, NULL, NULL, NULL, NULL, 'Linge de maison', 1),
(44, 7, NULL, NULL, NULL, NULL, 'BTP - Chantier gros oeuvre', 1),
(45, 7, NULL, NULL, NULL, NULL, 'Commerces et marchés', 1),
(46, 7, NULL, NULL, NULL, NULL, 'Fournitures de bureau', 1),
(47, 7, NULL, NULL, NULL, NULL, 'Matériel agricole', 1),
(48, 7, NULL, NULL, NULL, NULL, 'Matériel médical', 1),
(49, 7, NULL, NULL, NULL, NULL, 'Outillage - matériel 2nd oeuvre', 1),
(50, 7, NULL, NULL, NULL, NULL, 'Restauration hôtellerie', 1),
(51, 7, NULL, NULL, NULL, NULL, 'Transport - Manutention', 1),
(52, 8, NULL, NULL, NULL, 'Vêtements:\r\nChaussures:\r\nAccessoires:', 'Enfants', 1),
(53, 8, NULL, NULL, NULL, 'Vêtements:\r\nChaussures:\r\nAccessoires:', 'Femme', 1),
(54, 8, NULL, NULL, NULL, 'Vêtements:\r\nChaussures:\r\nAccessoires:', 'Homme', 1),
(55, 9, NULL, NULL, NULL, NULL, 'Console et jeux vidéo', 1),
(56, 9, NULL, NULL, NULL, NULL, 'Image et son', 1),
(57, 9, NULL, NULL, NULL, NULL, 'Informatique', 1),
(58, 9, NULL, NULL, NULL, NULL, 'Téléphonie', 1),
(59, 10, NULL, NULL, NULL, NULL, 'Equipement', 1),
(60, 10, NULL, NULL, NULL, NULL, 'Maternité', 1),
(61, 10, NULL, NULL, NULL, NULL, 'Soins', 1),
(62, 10, NULL, NULL, NULL, NULL, 'Vêtements & Accessoires', 1),
(63, 11, NULL, NULL, NULL, NULL, 'Coiffure', 1),
(64, 11, NULL, NULL, NULL, NULL, 'Esthétique / Soins', 1),
(65, 11, NULL, NULL, NULL, NULL, 'Pharmacie', 1),
(66, 14, NULL, NULL, NULL, NULL, 'Crowsourcing', 1),
(67, 14, NULL, NULL, NULL, NULL, 'Cours particuliers', 1),
(68, 14, NULL, NULL, NULL, NULL, 'Autres', 1),
(69, 15, NULL, NULL, NULL, NULL, 'Crowfunding', 1),
(70, 15, NULL, NULL, NULL, NULL, 'Autres', 1),
(71, 16, NULL, NULL, NULL, NULL, 'Co jardinage', 1),
(72, 16, NULL, NULL, NULL, NULL, 'Jardin partagé', 1),
(73, 16, NULL, NULL, NULL, NULL, 'Local', 1),
(74, 18, NULL, NULL, NULL, NULL, 'Repas au restaurant', 1),
(75, 18, NULL, NULL, NULL, NULL, 'Repas partagé', 1),
(76, 18, NULL, NULL, NULL, NULL, 'Vin & gastronomie', 1),
(77, 19, NULL, NULL, NULL, NULL, 'Co-voiturage', 1),
(78, 19, NULL, NULL, NULL, NULL, 'Taxi', 1),
(79, 22, NULL, NULL, NULL, NULL, 'Aide aux personnes dépendantes', 1),
(80, 22, NULL, NULL, NULL, NULL, 'Assistance administrative', 1),
(81, 22, NULL, NULL, NULL, NULL, 'Assistance informatique', 1),
(82, 23, NULL, NULL, NULL, NULL, 'Crowfunding', 1),
(83, 23, NULL, NULL, NULL, NULL, 'Crowsourcing', 1),
(84, 26, NULL, NULL, NULL, NULL, 'Baby-sitting', 1),
(85, 26, NULL, NULL, NULL, NULL, 'Garde d’enfants', 1),
(86, 26, NULL, NULL, NULL, NULL, 'Nourrice partagée', 1),
(87, 27, NULL, NULL, NULL, NULL, 'Blanchisserie', 1),
(88, 27, NULL, NULL, NULL, NULL, 'Ménage', 1),
(89, 27, NULL, NULL, NULL, NULL, 'Repassage', 1),
(90, 28, NULL, NULL, NULL, NULL, 'Activités culturelles', 1),
(91, 28, NULL, NULL, NULL, NULL, 'Bar / soirées', 1),
(92, 28, NULL, NULL, NULL, NULL, 'Concerts / festivals', 1),
(93, 28, NULL, NULL, NULL, NULL, 'Spectacles', 1),
(94, 28, NULL, NULL, NULL, NULL, 'Théâtres & Opéras', 1),
(95, 29, NULL, NULL, NULL, NULL, 'Comptabilité', 1),
(96, 29, NULL, NULL, NULL, NULL, 'Financement', 1),
(97, 29, NULL, NULL, NULL, NULL, 'Secrétariat', 1),
(98, 30, NULL, NULL, NULL, NULL, 'Co-Jadinnage', 1),
(99, 30, NULL, NULL, NULL, NULL, 'Jardins partagés', 1),
(100, 31, NULL, NULL, NULL, NULL, 'Décoration', 1),
(101, 31, NULL, NULL, NULL, NULL, 'Déménagement', 1),
(102, 31, NULL, NULL, NULL, NULL, 'Garde meuble', 1),
(103, 31, NULL, NULL, NULL, NULL, 'Montage meubles', 1),
(104, 34, NULL, NULL, NULL, NULL, 'Électricité', 1),
(105, 34, NULL, NULL, NULL, NULL, 'Électroménager', 1),
(106, 34, NULL, NULL, NULL, NULL, 'Télécom', 1),
(107, 35, NULL, NULL, NULL, NULL, 'Co restauration à domicile', 1),
(108, 35, NULL, NULL, NULL, NULL, 'Repas partagé', 1),
(109, 35, NULL, NULL, NULL, NULL, 'Restauration rapide', 1),
(110, 36, NULL, NULL, NULL, 'Colis Voiturage:\r\nColis portage:', 'Colis', 1),
(111, 36, NULL, NULL, NULL, NULL, 'Co-voiturage', 1),
(112, 36, NULL, NULL, NULL, NULL, 'Matériel', 1),
(113, 36, NULL, NULL, NULL, 'Taxi partagé:\r\nTaxi seul:', 'Taxi', 1),
(114, 37, NULL, NULL, NULL, NULL, 'Électricité', 1),
(115, 37, NULL, NULL, NULL, NULL, 'Maçonnerie', 1),
(116, 37, NULL, NULL, NULL, NULL, 'Peinture', 1),
(117, 37, NULL, NULL, NULL, NULL, 'Plomberie', 1),
(118, 38, NULL, NULL, NULL, NULL, 'Activité', 1),
(119, 38, NULL, NULL, NULL, NULL, 'Discussion', 1),
(120, 39, NULL, NULL, NULL, NULL, 'Cinéma', 1),
(121, 39, NULL, NULL, NULL, NULL, 'Jeux', 1),
(122, 39, NULL, NULL, NULL, NULL, 'Littérature', 1),
(123, 39, NULL, NULL, NULL, NULL, 'Musique', 1),
(124, 39, NULL, NULL, NULL, NULL, 'Photo', 1),
(125, 39, NULL, NULL, NULL, NULL, 'Sport', 1),
(126, 39, NULL, NULL, NULL, NULL, 'Autre', 1),
(127, 43, NULL, NULL, NULL, NULL, 'Discuter', 1),
(128, 43, NULL, NULL, NULL, NULL, 'Partager', 1),
(129, 43, NULL, NULL, NULL, NULL, 'Partir', 1);

CREATE TABLE IF NOT EXISTS `ad_categories_parents` (
  `id` int(11) NOT NULL AUTO_INCREMENT,
  `label` varchar(45) NOT NULL,
  PRIMARY KEY (`id`)
) ENGINE=MyISAM  DEFAULT CHARSET=utf8 AUTO_INCREMENT=44 ;

INSERT INTO `ad_categories_parents` (`id`, `label`) VALUES
(8, 'Mode et accessoires'),
(7, 'Matériel professionnel '),
(6, 'Mobilier / Déco'),
(5, 'Loisirs'),
(4, 'Immobilier'),
(3, 'Équipement Maison'),
(2, 'Animaux'),
(1, 'Alimentation'),
(9, 'Multimédia'),
(10, 'Puériculture'),
(11, 'Santé / Bien-être'),
(12, 'Code Wifi'),
(13, 'Équipement Médical'),
(14, 'Compétences'),
(15, 'Financement'),
(16, 'Jardin / Espace'),
(17, 'Nourrice partagée'),
(18, 'Repas / Nourriture'),
(19, 'Véhicules'),
(20, 'Objets'),
(21, 'Vêtements / Accessoires '),
(22, 'Assistance'),
(23, 'Collaboratif'),
(24, 'Coup de main'),
(25, 'Cours particuliers'),
(26, 'Enfants'),
(27, 'Entretien'),
(28, 'Evénements-soirées '),
(29, 'Gestion'),
(30, 'Jardin'),
(31, 'Maison'),
(32, 'Offres d’emplois'),
(33, 'Photographie'),
(34, 'Réparation'),
(35, 'Restauration'),
(36, 'Transport'),
(37, 'Travaux'),
(39, 'Groupe / Association'),
(38, 'Ami(e)'),
(40, 'Love'),
(41, 'Professionnel'),
(42, 'Sport'),
(43, 'Voyage');
